"client","age","education","emploi","categorie","adresse","revenus","debcred","debcarte","autres","defaut"
8001,18,"Bac+2",0,12,0,-0.503512481774387,-0.468179511884976,-0.374049786517706,-0.526948672401106,"Oui"
8002,40,"Niveau bac",2,12,2,-0.64284952883806,-0.452064892158285,-0.58821875524549,-0.498242771161668,"Non"
8003,31,"Bac+2",11,12,6,0.322188537862194,3.47257749400576,3.37500798138194,2.04384193345635,"Oui"
8004,30,"Bac+2",7,12,7,0.286064118253093,-0.249899662859801,0.17009581855124,-0.0394427700165326,"Non"
8005,34,"Bac+3",9,12,11,-0.578341636678952,-0.910599071654122,-0.459809889945341,-0.731031309913363,"Non"
8006,32,"Niveau bac",14,12,0,-0.377077013142535,-1.20945201931275,-0.633853135425757,-0.716310958406065,"Non"
8007,33,"Bac+2",5,12,11,0.046094759421212,-0.616141020284591,0.215953643303454,-0.594600312303396,"Non"
8008,22,"Niveau bac",2,12,1,-0.730580262174447,3.46378770142757,0.59118387522484,0.114506881117048,"Oui"
8009,32,"Niveau bac",4,12,3,-0.743481840606268,1.92557400024345,-0.118745666987707,-0.0386874591863734,"Oui"
8010,32,"Bac+3",3,12,5,-0.374496697456171,0.249653548667612,0.201746477688457,-0.3461344918546,"Oui"
8011,30,"Niveau bac",11,12,1,0.273162539821272,-0.963337827123292,-0.735819226976166,-0.251207184653048,"Non"
8012,32,"Niveau bac",9,12,1,-0.457066799419829,-1.10690443923381,-0.684408207631717,-0.651614392100057,"Non"
8013,43,"Niveau bac",11,12,21,-0.689295211192617,0.366850783043545,-0.411016261085982,-0.32810611358892,"Non"
8014,40,"Bac+3",15,12,12,2.07680320458993,0.176405277182654,1.34760174540772,1.79935753807669,"Non"
8015,35.1141718931209,"Niveau bac",14,12,1,-0.526735322951666,-0.364166966376336,-0.447647110250123,-0.450875576261357,"Non"
8016,22,"Niveau bac",0,12,2,-0.813150364138105,-1.02486637517066,-0.688682032207086,-0.734490513955073,"Non"
8017,46,"Bac+2",27,12,13,2.44578834774002,-1.20945201931275,-0.362968806443852,-0.199766778836511,"Non"
8018,39,"Bac+4",7,12,20,0.526033477084975,-0.664484879464664,-0.253075593950757,-0.0748334013276695,"Non"
8019,33,"Niveau bac",13,12,7,-0.410621117065272,-0.950153138256,-0.247570796629595,-0.803012185636126,"Non"
8020,45,"Niveau bac",26,12,23,0.680852418266834,-0.389071378681222,0.00896514754248048,0.221752647750709,"Non"
8021,44,"Bac+2",18,12,4,1.00597219474874,-0.575121988253015,0.354512778947164,-0.00374308915919103,"Non"
8022,26,"Bac+3",2,12,1,0.208654647662164,0.973346470938997,-0.171583421367051,1.28403208713747,"Oui"
8023,36,"Bac+3",8,12,4,-0.193874599410669,0.0592080428067212,-0.0650331020521411,-0.106611500437986,"Non"
8024,35,"Niveau bac",16,12,12,-0.622207003347145,1.55640271195926,-0.342735070072526,0.219049946104146,"Non"
8025,23,"Niveau bac",5,12,2,-0.39771953863345,-0.400791102118815,-0.489796413154439,-0.343653663647972,"Non"
8026,40,"Niveau bac",18,12,12,1.96842994576263,3.44327818541178,1.40447521065803,8.6659397141122,"Oui"
8027,35.1141718931209,"Bac+3",5,12,7,0.0796388633439482,-0.626395778292485,-0.393259126299466,-0.228573761139746,"Non"
8028,35,"Bac+2",3,12,5,-0.663492054328974,-0.219135388836119,-0.333547594655043,-0.570012992331797,"Non"
8029,32,"Niveau bac",1,12,13,-0.475129009224379,-0.991172170287576,-0.619437394306109,-0.634869766065118,"Non"
8030,27,"Bac+4",1,12,7.68996044646727,-0.648010160210788,-0.53117302536204,-0.627377463203042,-0.511240326705753,"Non"
8031,39,"Bac+2",11,12,1,-0.477709324910744,0.954301920352908,0.0110286315861129,0.00370949346906386,"Non"
8032,28,"Niveau bac",4,12,6,-0.668652685701703,0.0343036305018355,-0.25680657804355,-0.520528171865456,"Non"
8033,29,"Niveau bac",3,12,8,-0.833792889629019,-0.834420869309766,-0.616494688100494,-0.730725219083611,"Non"
8034,29,"Niveau bac",10,12,5,0.366053904530387,-0.266014282586492,0.455267647837075,-0.152133756390327,"Non"
8035,24,"Bac+2",4,12,5,-0.857015730806298,-0.0843585693037965,-0.560372073804158,-0.576923483576653,"Non"
8036,29,"Bac+2",0,12,5,-0.400299854319814,-0.717223634933833,-0.496226056899322,-0.521875180545138,"Non"
8037,25,"Niveau bac",7,12,3,-0.51125342883348,-0.718688600363533,-0.631899754630516,-0.506758159072998,"Non"
8038,36,"Niveau bac",0,12,5,-0.844114152374476,1.06417432758035,-0.252878545124408,-0.430034218524193,"Oui"
8039,43,"Niveau bac",22,12,14,0.962106828080544,0.579270770349923,1.03357721471084,1.27961097711234,"Non"
8040,50,"Niveau bac",25,12,29,1.70007711438074,-0.717223634933833,0.091762842489711,0.328474267161846,"Non"
8041,48,"Bac+3",9,12,14,-0.289346279806149,-0.912064037083822,-0.716299410116309,-0.456328081714531,"Non"
8042,24,"Niveau bac",7,12,2,-0.503512481774387,0.425449400231511,-0.468042198385622,-0.0257711370706317,"Non"
8043,37,"Bac+2",7,12,8,0.0177112868712047,-1.20505712302365,-0.622807135256492,-0.624755871002113,"Non"
8044,33,"Niveau bac",3,12,4,-0.789927522960826,-0.72308349665263,-0.676207680138548,-0.640240843703288,"Non"
8045,35.1141718931209,"Bac+3",5,12,6,-0.271284070001599,1.11398315219012,0.00816260908535205,0.457512474975627,"Oui"
8046,32,"Bac+2",5,12,13,-0.333211646474342,-0.557542403096625,-0.43829032913887,-0.419495411891432,"Non"
8047,35,"Niveau bac",11,12,7,-0.609305424915324,0.177870242612353,-0.585050874596901,-0.2048094162279,"Non"
8048,42,"Niveau bac",10,12,18,-0.00551155430607425,1.34837762094198,2.21866265405457,-0.155463645336833,"Oui"
8049,30,"Niveau bac",0,12,11,-0.838953521001748,0.195449827768743,-0.622807761139477,-0.44562693697469,"Non"
8050,27,"Niveau bac",0,12,1,-0.371916381769807,-1.36913325114996,-0.703641656947617,-0.768377322090027,"Non"
8051,30,"Bac+2",2,12,7.68996044646727,-0.374496697456171,0.132456314291679,-0.142339647404405,-0.214947225899232,"Oui"
8052,25,"Bac+4",0,12,1,0.0899601260894055,-0.849070523606758,-0.456197362900221,-0.385071402333633,"Non"
8053,26,"Niveau bac",2,12,1,-0.82863225825629,-0.594166538839104,-0.721428838463807,-0.599353361535214,"Non"
8054,30,"Bac+2",0,12,7.68996044646727,-0.60672510922896,-0.482829166181968,-0.633280522037313,-0.458427374346363,"Non"
8055,29,"Bac+3",5,12,8,0.621505157480454,1.11691308304951,0.697755265933568,1.65910983411014,"Oui"
8056,36,"Niveau bac",15,12,4,-0.39771953863345,-0.0169701595376351,-0.0975223139965637,-0.352566281963609,"Non"
8057,28,"Niveau bac",9,12,3,-0.601564477856231,-1.04830582204584,-0.661771376155007,-0.683706286820513,"Non"
8058,23,"Bac+2",2,12,4,0.211234963348528,-0.49601385504926,-0.268265208956116,-0.0911221199561568,"Non"
8059,38,"Bac+2",1,12,9,-0.52931563863803,-1.44970634978341,-0.69196574467194,-0.834825587383709,"Non"
8060,29,"Bac+2",1,12,6,-0.322890383728885,-0.204485734539127,-0.130465256333615,-0.372304490349753,"Oui"
8061,23,"Niveau bac",0,12,2,-0.877658256297213,0.860544132852162,-0.441483701479857,-0.430311098340229,"Oui"
8062,32,"Bac+3",7,12,5,-0.374496697456171,0.000609425618754742,-0.522926920452057,-0.0711424984838793,"Non"
8063,33,"Bac+4",10,12,4,0.887277673175979,0.944047162345014,0.827378370302488,1.81323313564468,"Oui"
8064,44,"Bac+3",1,12,8,-0.735740893547175,2.38557314516899,-0.426151502507046,0.316455415638115,"Oui"
8065,37,"Bac+2",12,12,9,-0.0261540797969887,-0.61760598571429,-0.45982835349339,-0.249163822365083,"Non"
8066,43,"Niveau bac",1,12,16,-0.56544005824713,0.88105364886795,0.0330342600727555,-0.190366512549609,"Oui"
8067,31,"Bac+2",2,12,7.68996044646727,-0.168071442547026,-0.0579891915692114,-0.375169856275738,0.0167222919567854,"Non"
8068,38,"Bac+2",18,12,5,0.167369596680335,0.791690757656301,0.268608166092618,0.786147108416557,"Non"
8069,23,"Bac+4",0,12,3,-0.524155007265301,-0.646905294308274,-0.464969147702034,-0.576140443615506,"Non"
8070,34,"Niveau bac",16,12,13,-0.0855013405833678,1.11691308304951,0.400653898331737,0.564454382439385,"Non"
8071,40,"Bac+3",5,12,7.68996044646727,0.389276745707666,1.38060686039536,1.84434034798427,0.865909983996664,"Oui"
8072,30,"Niveau bac",2,12,8,-0.802829101392647,-0.931108587669911,-0.61551486828795,-0.745138692116504,"Non"
8073,35.1141718931209,"Bac+2",29,12,1,1.19175492416697,-0.333402692352654,-0.0508521844048141,0.749223301543404,"Non"
8074,43,"Bac+2",16,12,10,1.86263700262169,-0.65423012145677,0.161135182251614,0.511450587819785,"Non"
8075,43,"Niveau bac",12,12,11,0.520872845712246,-0.567797161104519,-0.126346294332863,-0.0370851223650224,"Non"
8076,24,"Niveau bac",6,12,5,-0.697036158251711,-1.10543947380411,-0.688294223809102,-0.722535040056382,"Non"
8077,28,"Niveau bac",7,12,8,-0.673813317074432,1.00997060668148,-0.113815378089583,-0.232484235077563,"Non"
8078,38,"Bac+4",4,12,7.68996044646727,1.09628324377149,-0.995567066576674,-0.306294041655543,-0.219436295520709,"Non"
8079,28,"Niveau bac",11,12,7,0.0151309711848404,0.402009953356325,0.867343267701246,-0.131130605838535,"Non"
8080,40,"Niveau bac",6,12,14,-0.568020373933495,-0.539962817940235,-0.527037559078395,-0.518204668104752,"Non"
8081,48,"Bac+2",2,12,27,-0.214517124901584,-0.416905721845506,-0.132985478485331,-0.41938685830144,"Non"
8082,29,"Bac+5 et plus",2,12,3,-0.60672510922896,0.191054931479646,-0.254577852199138,-0.388069501019082,"Oui"
8083,20,"Bac+3",0,12,0,-0.477709324910744,-0.0140402286782368,0.35411942887692,-0.696174883441086,"Oui"
8084,30,"Niveau bac",10,12,2,-0.666072370015339,-1.00728679001427,-0.699218198528399,-0.668252355397071,"Non"
8085,43,"Bac+4",0,12,10,1.17369271436242,1.34837762094198,2.00061241108229,2.26704326149217,"Oui"
8086,45,"Niveau bac",10,12,21,-0.0364753425424459,0.048953284798827,-0.121990187877054,0.089081335568553,"Non"
8087,32,"Niveau bac",6,12,9,-0.604144793542595,-0.37442172438423,-0.233289981103655,-0.64199352977128,"Non"
8088,33,"Niveau bac",1,12,11,-0.751222787665361,-0.51359344020565,-0.529812180931342,-0.633424531533507,"Non"
8089,31,"Bac+3",7,12,5,0.115763282953049,-1.17136291814057,-0.430255382466431,-0.682126029294466,"Non"
8090,20,"Bac+3",0,12,0,-0.426103011183457,-0.32168296891506,-0.263931325692674,-0.453322831114652,"Oui"
8091,35,"Bac+3",6,12,1,-0.753803103351725,-0.658625017745867,-0.530582599421409,-0.683027831932068,"Non"
8092,27,"Bac+3",0,12,4,-0.451906168047101,-1.02486637517066,-0.623824473276841,-0.641392178225754,"Non"
8093,22,"Bac+4",0,12,1,-0.52931563863803,1.33372796664499,-0.554688743361611,0.428475651903852,"Oui"
8094,36,"Niveau bac",19,12,13,-0.325470699415249,1.04073488070516,0.577379452271267,-0.0154341593311884,"Non"
8095,71,"Bac+2",35,12,19,2.12840951831721,0.132456314291679,1.87464650615652,1.45410713676115,"Non"
8096,23,"Niveau bac",7,12,3,-0.771865313156275,-0.550217575948129,-0.617296652831553,-0.608871259521634,"Non"
8097,41,"Niveau bac",4,12,7,-0.771865313156275,-0.730408323801126,-0.644058992001897,-0.651082590587189,"Non"
8098,44,"Bac+3",4,12,5,0.0822191790303126,-0.203020769109428,0.154210391176872,-0.167743421823373,"Non"
8099,39,"Niveau bac",5,12,1,-0.681554264133524,0.992391021525086,-0.618247599445018,0.0404856851313421,"Non"
8100,28,"Niveau bac",6,12,9,-0.297087226865242,-0.2528295937192,-0.422891477974599,-0.209802416859141,"Non"
8101,42,"Bac+2",22,12,11,1.48333059672614,-0.353912208368442,1.00351266475632,0.339554811747713,"Non"
8102,36,"Niveau bac",1,12,16,-0.611885740601688,-1.1171591972417,-0.59722382054421,-0.754197393270245,"Non"
8103,33,"Bac+4",0,12,7.68996044646727,-0.611885740601688,1.40111637641115,0.174121810850307,-0.12598845762365,"Oui"
8104,47,"Bac+2",17,12,16,0.301546012371279,1.01143557211118,-0.0428791914550405,1.40638051587537,"Non"
8105,32,"Niveau bac",2,12,6,-0.743481840606268,0.917677784610429,-0.255169102992016,-0.30161027255964,"Oui"
8106,29,"Bac+2",7,12,1,-0.619626687660781,0.028443768783039,-0.406525420278489,-0.383615446241633,"Non"
8107,27,"Niveau bac",6,12,2,-0.735740893547175,0.527996980310453,-0.583375046826916,-0.232438996000059,"Non"
8108,28,"Niveau bac",5,12,0,-0.51125342883348,0.0870423859710052,-0.643243788107148,-0.101676608795919,"Non"
8109,38,"Niveau bac",21,12,2,0.394437377080394,-0.783147079270296,-0.382504944071816,-0.209428613834255,"Non"
8110,20,"Bac+3",0,12,0,-0.348693540592528,-0.717223634933833,-0.416590270633868,-0.538845388513586,"Oui"
8111,53,"Bac+2",8,12,13,-0.366755750397078,2.34015921684831,0.222686453465459,0.886739519490528,"Oui"
8112,41,"Bac+2",21,12,9,0.399598008453123,-1.52295462126837,-0.695053434063114,-0.841110587794028,"Non"
8113,19,"Bac+2",0,12,0,-0.322890383728885,-0.585376746260909,-0.36061807688152,-0.474919441618428,"Oui"
8114,35.1141718931209,"Bac+2",9,12,7.68996044646727,-0.124206075878833,-1.00875175544397,-0.527466797452838,-0.566597462176293,"Non"
8115,28,"Niveau bac",10,12,1,-0.570600689619859,-0.11219291246808,-0.575408286628531,-0.297270613070026,"Non"
8116,37,"Bac+3",4,12,6,0.115763282953049,0.703792831874352,-0.19759207572435,0.895359593454643,"Oui"
8117,27,"Niveau bac",3,12,4,-0.66091173864261,-0.120982705046276,-0.198305508437942,-0.607508959932776,"Non"
8118,52,"Niveau bac",33,12,20,7.12390068711853,-0.822701145872173,4.45584690713487,0.281471956220527,"Non"
8119,30,"Niveau bac",8,12,2,-0.542217217069852,-0.323147934344759,-0.242101266076058,-0.563258712227441,"Non"
8120,51,"Bac+4",21,12,5,4.7035645733088,0.251118514097311,7.09547741388903,1.81623575318888,"Oui"
8121,44,"Niveau bac",23,12,7,0.698914628071383,-0.160536771648153,-0.334227720831748,0.733025121657974,"Non"
8122,35.1141718931209,"Bac+2",0,12,6,-0.689295211192617,-0.459389719306781,-0.448753979962151,-0.616579695387993,"Non"
8123,35.1141718931209,"Bac+3",15,12,7,1.27948565750335,-1.21091698474245,-0.600333059434261,-0.3427985794461,"Non"
8124,38,"Bac+4",11,12,8,2.48965371440822,1.1432824607841,-0.117861537729268,5.54714852182756,"Non"
8125,38,"Bac+5 et plus",9,12,11,0.451204322180409,-1.39110773259545,-0.49134938531022,-0.80795680670926,"Non"
8126,45,"Niveau bac",3,12,13,-0.271284070001599,1.6706700154758,0.380424769154604,0.605831517033385,"Oui"
8127,41,"Bac+4",0,12,3,-0.11646512881974,0.422519469372113,-0.386468435000606,0.439625670787313,"Oui"
8128,26,"Niveau bac",9,12,0,0.159628649621242,-0.507733578486854,0.452347147438188,-0.557627022664722,"Non"
8129,33,"Niveau bac",6,12,2,-0.54737784844258,-0.789006940989092,-0.459519362887382,-0.660425639034156,"Non"
8130,55,"Niveau bac",19,12,7,1.7826472163444,-1.2914900833759,-0.546624449731445,-0.417655130649823,"Non"
8131,30,"Niveau bac",9,12,2,-0.242900597451591,0.516277256872859,0.274766359171346,-0.0492481128602459,"Non"
8132,35,"Bac+2",8,12,4,-0.119045444506104,1.20481100883146,0.844582667864312,0.31298142811215,"Oui"
8133,37,"Niveau bac",19,12,3,0.0564160221666694,0.434239192809706,-0.154459549768761,0.544802905847143,"Non"
8134,44,"Bac+2",12,12,21,1.65363143202618,-0.657160052316168,0.927143752964869,-0.0665452438497158,"Non"
8135,35,"Niveau bac",11,12,12,-0.542217217069852,-0.570727091963917,-0.480869322444229,-0.541902560548008,"Non"
8136,35.1141718931209,"Bac+2",5,12,6,-0.364175434710714,0.986531159806289,-0.218427998455147,0.347254401758739,"Oui"
8137,38,"Niveau bac",17,12,12,0.567318528066804,-0.657160052316168,-0.46964024280912,0.0847330599532953,"Non"
8138,44,"Niveau bac",4,12,16,-0.604144793542595,1.55054285024047,-0.387622145969065,0.280262537953909,"Non"
8139,48,"Bac+2",11,12,10,-0.356434487651621,1.27073445316793,-0.207003291269634,0.523763702880963,"Non"
8140,29,"Niveau bac",12,12,1,-0.201615546469762,0.46207353597399,0.656417585482479,-0.251499580058947,"Non"
8141,26,"Bac+5 et plus",0,12,4,-0.482869956283472,1.33812286293409,-0.0231602786099059,0.211980946421884,"Oui"
8142,31,"Bac+2",12,12,9,-0.627367634719874,0.302392304136782,0.00816215705875203,-0.518479967582477,"Non"
8143,28,"Niveau bac",1,12,9,-0.867336993551755,-0.350982277509043,-0.719509637833786,-0.563171086759798,"Non"
8144,35,"Bac+4",0,12,8,2.46385055754457,-1.09811464665562,-0.0885310963588795,-0.0785736228443451,"Non"
8145,48,"Bac+2",21,12,7.68996044646727,1.66137237908527,0.9674866092202,3.08120316553897,1.84785759066865,"Oui"
8146,23,"Bac+4",0,12,2,-0.761544050410818,-1.36180842400146,-0.668842845515058,-0.837653029727683,"Non"
8147,38,"Bac+2",0,12,9,0.65504926140319,0.721372417030741,1.63066311465479,0.673663545232718,"Oui"
8148,35.1141718931209,"Bac+2",2,12,4,-0.676393632760796,-0.769962390403003,-0.468534003326486,-0.714896712137643,"Non"
8149,29,"Niveau bac",13,12,0,-0.0467966052879031,0.454748708825495,-0.461749814256411,0.601851084093572,"Non"
8150,23,"Bac+2",0,12,1,-0.699616473938075,-1.37206318200936,-0.691792322928263,-0.819622783330454,"Non"
8151,35.1141718931209,"Niveau bac",5,12,2,-0.717678683742625,-0.84467562731766,-0.730605595635177,-0.611303491062974,"Non"
8152,37,"Niveau bac",14,12,5,0.0641569692257623,-0.658625017745867,-0.632016586120993,-0.127946824975153,"Non"
8153,38,"Niveau bac",14,12,13,-0.165491126860662,-1.26365574021162,-0.609586035244656,-0.719219820991537,"Non"
8154,36,"Niveau bac",11,12,13,-0.420942379810729,1.38939665297356,0.0122705051272221,0.339999114018043,"Non"
8155,35.1141718931209,"Bac+2",13,12,2,-0.258382491569777,-0.702573980636842,-0.0919021716570144,-0.66646553301178,"Non"
8156,35.1141718931209,"Bac+3",13,12,11,0.270582224134907,0.0445583885097296,5.65551515957141e-05,0.34508377427127,"Non"
8157,44,"Bac+2",17,12,0,0.188012122171249,0.273092995542799,0.522793224231616,0.172355785986287,"Non"
8158,35.1141718931209,"Niveau bac",4,12,13,-0.64284952883806,-1.43505669548642,-0.704625271175755,-0.830401044035725,"Non"
8159,35.1141718931209,"Bac+2",28,12,29,4.51004089683148,-0.510663509346252,0.421153369840572,2.52652917984872,"Non"
8160,41,"Niveau bac",12,12,12,-0.044216289601539,1.02901515726756,1.10523179331235,0.158328319421397,"Non"
8161,39,"Niveau bac",5,12,2,-0.307408489610699,-0.487224062471065,-0.108497676316751,-0.54930286073792,"Non"
8162,37,"Bac+2",9,12,13,0.667950839835012,0.664238765272474,0.488706489432849,1.28340557640409,"Non"
8163,32,"Niveau bac",1,12,9,-0.764124366097183,-0.594166538839104,-0.469823078876025,-0.703585468452525,"Non"
8164,30,"Bac+3",0,12,1,-0.77444562884264,1.11251818676042,-0.409205938016841,-0.201405165547747,"Oui"
8165,35.1141718931209,"Bac+3",7,12,10,1.71555900849892,0.542646634607444,-0.27961317158704,3.04969646891839,"Non"
8166,31,"Niveau bac",1,12,10,-0.604144793542595,1.26194466058973,-0.0396356572006764,-0.0466856675009567,"Oui"
8167,27,"Bac+2",2,12,7,-0.178392705292483,-0.453529857587985,-0.44514531252877,-0.236587257839004,"Non"
8168,36,"Bac+4",8,12,6,1.32851165554428,1.34837762094198,4.27781463122276,1.24581349848394,"Oui"
8169,49,"Bac+2",18,12,5,0.735039047680484,1.21799569769876,0.321379489947392,2.21534004490976,"Non"
8170,34,"Bac+2",12,12,7,0.244779067271264,1.34837762094198,0.336130508758405,1.42526217584843,"Non"
8171,35.1141718931209,"Niveau bac",23,12,1,1.69233616732164,-0.227925181414314,2.48439545319608,-0.103545901615578,"Non"
8172,39,"Niveau bac",0,12,12,-0.807989732765376,-0.816841284153376,-0.699232663379601,-0.664835876028781,"Non"
8173,23,"Bac+2",0,12,3,-0.555118795501673,1.01143557211118,0.177844701928396,-0.196938437769792,"Oui"
8174,43,"Niveau bac",7,12,13,-0.111304497447011,-1.39110773259545,-0.744233232724032,-0.727116594812031,"Non"
8175,26,"Bac+2",1,12,6,0.291224749625822,0.765321379921716,-0.284021334990819,1.27504775781539,"Oui"
8176,42,"Niveau bac",17,12,5,0.0899601260894055,-1.06442044177253,-0.567608359016846,-0.513334083104495,"Non"
8177,38,"Bac+2",20,12,6,0.569898843753168,-0.162001737077852,-0.50615487332654,0.70992626074282,"Non"
8178,25,"Bac+5 et plus",0,12,3,0.451204322180409,-1.15671326384358,-0.354687835601511,-0.620745790309721,"Non"
8179,40,"Niveau bac",2,12,8,-0.436424273928915,1.60474657113933,0.858257741667715,-0.0646696751178532,"Oui"
8180,21,"Niveau bac",1,12,7.68996044646727,-0.872497624924484,-0.523848198213544,-0.49907841428825,-0.739183674423743,"Non"
8181,30,"Niveau bac",11,12,1,-0.374496697456171,-0.377351655243629,-0.133082838060728,-0.519022897100571,"Non"
8182,34,"Niveau bac",0,12,9,-0.588662899424409,0.202774654917239,-0.186123222056368,-0.401433447649909,"Oui"
8183,18,"Bac+2",0,12,0,-0.555118795501673,-0.966267757982691,-0.673845128342061,-0.622436954261711,"Non"
8184,27,"Bac+3",2,12,0,0.301546012371279,-1.01754154802216,-0.684663776517135,-0.3257092503219,"Non"
8185,23,"Bac+2",4,12,7.68996044646727,-0.684134579819889,-1.01021672087367,-0.713668237166327,-0.667720715452337,"Non"
8186,40,"Niveau bac",16,12,21,0.680852418266834,0.81073530824239,0.57344251790523,1.44249808766215,"Non"
8187,35.1141718931209,"Niveau bac",8,12,0,-0.328051015101614,0.891308406875844,-0.311424943435901,0.404127061472662,"Non"
8188,42,"Bac+4",12,12,6,-0.384817960201628,0.737487036757432,-0.476391199231272,0.317684585609108,"Non"
8189,35.1141718931209,"Bac+2",14,12,26,1.0808013496533,1.38646672211416,1.54175888805353,2.41203729194146,"Non"
8190,24,"Niveau bac",3,12,3,-0.730580262174447,-0.866650108763148,-0.657650910296527,-0.66754951381841,"Non"
8191,44,"Bac+4",18,12,9,2.25742530263543,-0.951618103685699,-0.131758747835323,0.225239096219004,"Non"
8192,35.1141718931209,"Bac+3",13,12,14,1.10402419083058,-0.233785043133111,0.527267305283631,0.497896960199712,"Non"
8193,46,"Bac+2",18,12,3,0.144146755503056,-0.365631931806035,0.276389195515293,-0.333899290501513,"Non"
8194,45,"Bac+2",16,12,11,0.00480970843938315,0.725767313319839,-0.40294636928023,0.864817864195288,"Non"
8195,41,"Bac+2",0,12,17,-0.800248785706283,-0.00525043610004177,-0.490429902355965,-0.537485565461281,"Non"
8196,45,"Niveau bac",2,12,9,-0.769284997469911,0.377105541051439,-0.440071900708402,-0.411227932610121,"Non"
8197,21,"Bac+3",0,12,7.68996044646727,-0.797668470019919,1.46557485531791,-0.0428103443267239,-0.348693327175896,"Oui"
8198,32,"Niveau bac",2,12,7,-0.49319121902893,-0.830025973020669,-0.664545211307813,-0.533972539034952,"Non"
8199,38,"Bac+2",15,12,19,1.15563050455787,-0.576586953682714,-0.0868037114780297,0.349356170927124,"Non"
8200,23,"Bac+4",0,12,1,-0.632528266092603,2.37385342173139,-0.573486095668694,0.66962820942139,"Oui"
8201,40,"Niveau bac",6,12,7.68996044646727,-0.583502268051681,-0.141492221062064,-0.27537534832252,-0.497148230362784,"Non"
8202,39,"Bac+2",8,12,0,-0.586082583738045,1.4831544404743,0.41288519917455,-0.177047714114211,"Oui"
8203,32,"Bac+2",10,12,2,0.231877488839443,-1.31199959939169,-0.538728727251824,-0.727801845660109,"Non"
8204,37,"Niveau bac",15,12,5,0.108022335893956,0.630544560389394,0.527234750675607,0.396102699316397,"Non"
8205,34,"Bac+4",6,12,5,0.425401165316766,0.542646634607444,1.41684265843566,0.246711501219812,"Oui"
8206,35.1141718931209,"Niveau bac",1,12,9,-0.583502268051681,-0.0199000903970333,0.0276110883241821,-0.618861017243228,"Oui"
8207,31,"Niveau bac",12,12,1,-0.431263642556186,-0.953083069115398,-0.422571964710911,-0.711475289794254,"Non"
8208,27,"Bac+4",3,12,3,0.575059475125897,-0.0521293298504149,0.945302000509203,0.0057773030352958,"Oui"
8209,77,"Bac+5 et plus",2,12,24,-0.52931563863803,-0.0140402286782368,-0.151474061853296,-0.456033136561519,"Non"
8210,43,"Niveau bac",6,12,21,-0.475129009224379,-0.950153138256,-0.507870805418052,-0.678393893757994,"Non"
8211,41,"Bac+2",22,12,13,0.141566439816692,-0.966267757982691,-0.391411519728639,-0.507018990629229,"Non"
8212,29,"Niveau bac",3,12,4,-0.666072370015339,0.0592080428067212,-0.565663340713706,-0.328635198737536,"Non"
8213,35.1141718931209,"Niveau bac",4,12,1,-0.702196789624439,1.17697666566718,-0.575795121430761,0.0482983829341356,"Oui"
8214,25,"Bac+2",5,12,7.68996044646727,-0.428683326869822,-0.097543258171089,-0.609784948680731,-0.131374954920602,"Non"
8215,76,"Bac+3",12,12,27,0.115763282953049,-0.658625017745867,-0.191879154925139,-0.352285693653999,"Non"
8216,33,"Niveau bac",14,12,2,-0.338372277847071,-1.02779630603006,-0.728209376549805,-0.54145130074991,"Non"
8217,48,"Bac+5 et plus",15,12,10,1.77748658497167,-0.525313163643243,0.232101715518095,0.679141593598067,"Non"
8218,40,"Niveau bac",9,12,2,-0.157750179801569,0.544111600037143,-0.497835549765748,0.538300338797459,"Non"
8219,41,"Bac+3",8,12,2,-0.480289640597108,-0.46231965016618,-0.496611253105126,-0.43570225081904,"Non"
8220,33,"Bac+3",7,12,0,-0.0235737641106243,0.123666521713484,0.852164423098915,-0.401524289333217,"Oui"
8221,47,"Bac+3",13,12,7.68996044646727,0.461525584925867,-0.818306249583075,0.0887249107958199,-0.488245197581594,"Non"
8222,33,"Niveau bac",17,12,4,0.0383538123621192,0.472328293981884,-0.402599178080108,0.697607771016686,"Non"
8223,35,"Niveau bac",5,12,5,-0.586082583738045,0.730162209608936,0.536108467475733,-0.58339810438817,"Oui"
8224,45,"Niveau bac",27,12,7.68996044646727,0.88211704180325,0.198379758628142,1.29693617008369,0.469176886405524,"Non"
8225,47,"Bac+3",23,12,24,1.07822103396694,-0.411045860126709,1.20034687843766,-0.191851927056531,"Non"
8226,45,"Niveau bac",11,12,19,-0.0519572366606318,-0.0990082236007881,-0.318134704587712,0.0677365214280192,"Non"
8227,36,"Bac+4",11,12,3,0.404758639825852,-1.11276430095261,-0.27688849432699,-0.63003515017068,"Non"
8228,29,"Bac+2",5,12,9,0.0306128653030263,-0.157606840788755,1.10202986289083,-0.726371614244435,"Oui"
8229,43,"Bac+4",16,12,7.68996044646727,0.404758639825852,-0.258689455437996,0.804944846481974,-0.313504893335383,"Non"
8230,35.1141718931209,"Bac+2",7,12,2,-0.586082583738045,1.21506576683936,-0.634597805785259,0.312164453793871,"Non"
8231,21,"Bac+3",0,12,1,-0.725419630801718,1.6677400846164,0.192265045895827,-0.267840997668622,"Oui"
8232,37,"Bac+4",3,12,8,-0.193874599410669,0.542646634607444,0.135284658968963,0.118604127817701,"Oui"
8233,22,"Niveau bac",2,12,0,-0.75638341903809,-0.821236180442474,-0.57712956915028,-0.711359581765332,"Non"
8234,26,"Niveau bac",9,12,3,-0.17065175823339,-0.91499396794322,-0.52135636706938,-0.51976253834624,"Non"
8235,30,"Bac+2",3,12,9,-0.0364753425424459,0.690608143007059,0.549109452265388,0.220089816285707,"Oui"
8236,18,"Bac+2",0,12,0,-0.709937736683532,-0.600026400557901,-0.714328022146029,-0.528489880928781,"Non"
8237,33,"Bac+3",3,12,9,-0.580921952365316,0.308252165855579,-0.348230809476048,-0.250869880879421,"Non"
8238,34,"Bac+2",10,12,6,0.270582224134907,1.15793211508109,0.797938269017489,1.01364109981103,"Oui"
8239,22,"Bac+4",0,12,2,-0.632528266092603,-0.394931240400018,-0.469568657442745,-0.535843755525206,"Oui"
8240,18,"Bac+2",0,12,0,-0.374496697456171,0.820990066250284,0.066707008048422,0.0670487460778475,"Oui"
8241,35,"Niveau bac",6,12,1,-0.495771534715294,-0.873974935911643,-0.410136547779713,-0.705199574502633,"Non"
8242,31,"Niveau bac",11,12,11,-0.562859742560766,-0.737733150949622,-0.501146409905064,-0.620699213246109,"Non"
8243,47,"Bac+2",10,12,7.68996044646727,-0.245480913137955,-0.585376746260909,-0.650924771873283,-0.255559648417278,"Non"
8244,34,"Bac+2",1,12,12,-0.353854171965257,-1.32811421911838,-0.661169693979051,-0.766061684677844,"Non"
8245,23,"Niveau bac",7,12,7.68996044646727,-0.586082583738045,-0.665949844894363,-0.655737942417896,-0.511853689832236,"Non"
8246,28,"Bac+3",7,12,6,0.270582224134907,0.199844724057841,0.60711749993544,0.150370139611997,"Oui"
8247,25,"Niveau bac",0,12,5,-0.890559834729034,-0.520918267354146,-0.400321485584963,-0.80841939647275,"Non"
8248,38,"Bac+2",13,12,9,-0.17065175823339,0.182265138901451,-0.643087204354323,0.343208755880864,"Non"
8249,47,"Bac+2",14,12,2,0.324768853548558,2.25519122192576,0.471974168491222,2.45688676808606,"Oui"
8250,35,"Bac+3",7,12,7.68996044646727,0.897598935921436,-0.331937726922954,0.824386975616355,0.000643775995057849,"Non"
8251,29,"Bac+3",2,12,5,-0.451906168047101,-0.570727091963917,-0.13359119412941,-0.683527127955989,"Non"
8252,34,"Niveau bac",6,12,7.68996044646727,-0.52931563863803,1.34691265551228,0.472522928783694,-0.161792521593526,"Oui"
8253,36,"Niveau bac",12,12,17,-0.157750179801569,2.85729201353212,0.705132340046537,1.52973091949391,"Oui"
8254,36,"Niveau bac",7,12,12,-0.333211646474342,-1.1318088515387,-0.636248493922026,-0.656815734840015,"Non"
8255,35.1141718931209,"Bac+2",23,12,16,0.298965696684915,0.13099134886198,-0.190395047283313,0.575765565536453,"Non"
8256,28,"Niveau bac",11,12,8,-0.54737784844258,0.527996980310453,-0.482760706052708,-0.0273455175558065,"Non"
8257,28,"Bac+2",6,12,8,-0.457066799419829,-0.6014913659876,-0.443101891511925,-0.52351747013661,"Non"
8258,39,"Niveau bac",3,12,20,-0.653170791583517,-0.789006940989092,-0.73675184478028,-0.554363098957901,"Non"
8259,30,"Bac+2",8,12,9,-0.596403846483502,0.727232278749538,0.137708077885712,-0.369113438920344,"Non"
8260,28,"Bac+2",5,12,7.68996044646727,-0.671233001388067,-0.28798876403198,-0.690259887557918,-0.396489914637177,"Non"
8261,33,"Niveau bac",11,12,5,-0.325470699415249,-0.0228300212564318,0.323187274713318,-0.525764140676119,"Non"
8262,46,"Bac+3",8,12,6,1.8187716359535,-0.746522943527817,-0.263753992180343,0.542237794613644,"Non"
8263,40,"Bac+3",7,12,11,0.61892484179409,-0.0579891915692114,0.349579604033055,0.388842231297406,"Non"
8264,33,"Bac+2",8,12,7,-0.286765964119784,-1.37059821657966,-0.706509665757572,-0.756409018671701,"Non"
8265,33,"Bac+2",1,12,7.68996044646727,-0.348693540592528,0.0914372822601028,0.108396899802741,-0.35603710376395,"Oui"
8266,41,"Bac+2",17,12,9,0.502810635907696,-0.160536771648153,0.580412637685857,0.0175917304775574,"Non"
8267,33,"Niveau bac",4,12,7,-0.100983234701554,-0.11219291246808,-0.0564111206041516,-0.142473824867161,"Non"
8268,45,"Niveau bac",0,12,24,-0.49319121902893,0.809270342812691,0.0422241520939849,-0.113955802122475,"Non"
8269,25,"Bac+2",3,12,2,-0.549958164128945,-0.755312736106012,-0.717987872899048,-0.495847967888356,"Non"
8270,35,"Bac+3",4,12,5,-0.359014803337985,3.00085862564263,1.01561397318034,0.840324619794178,"Oui"
8271,35.1141718931209,"Bac+4",11,12,7.68996044646727,-0.439004589615279,0.0841124551116069,-0.0484829956408435,-0.368914248131713,"Non"
8272,31,"Niveau bac",7,12,12,-0.307408489610699,0.791690757656301,0.279566594800941,0.0319236822888684,"Non"
8273,35.1141718931209,"Niveau bac",8,12,7.68996044646727,-0.588662899424409,0.292137546128888,-0.519241977876326,-0.168373224507485,"Non"
8274,39,"Bac+2",17,12,9,1.07048008690785,-0.570727091963917,0.750120808986596,-0.18397865382602,"Non"
8275,22,"Niveau bac",2,12,3,-0.562859742560766,-0.82856100759097,-0.554447778412503,-0.63153106913081,"Non"
8276,34,"Bac+2",4,12,5,-0.467388062165286,-0.857860316184953,-0.635545870729149,-0.55269935109864,"Non"
8277,35.1141718931209,"Niveau bac",7,12,3,-0.279025017060691,-0.542892748799633,-0.590543793180582,-0.285018444538373,"Non"
8278,34,"Niveau bac",16,12,0,-0.028734395483353,-0.257224490008297,-0.222542813981125,-0.0942539617134805,"Non"
8279,30,"Bac+3",5,12,3,0.933723355530536,-1.25779587849282,-0.459276329047296,-0.575354755451664,"Non"
8280,25,"Bac+3",2,12,6,-0.0648588150924534,-0.346587381219946,0.386715675504545,-0.550560542435549,"Oui"
8281,44,"Niveau bac",4,12,25,-0.593823530797138,1.06710425843974,0.282809320623117,-0.300088911667419,"Non"
8282,30,"Bac+4",6,12,1,-0.617046371974417,-1.03805106403795,-0.60850529180083,-0.715659394513913,"Non"
8283,32,"Niveau bac",10,12,9,-0.428683326869822,-1.22263670818004,-0.659812810093094,-0.720800353688312,"Non"
8284,31,"Niveau bac",15,12,6,-0.418362064124365,0.733092140468335,-0.460926691203342,0.254632631436497,"Non"
8285,19,"Bac+2",0,12,0,-0.374496697456171,1.26047969516003,0.210849597988113,0.240826381940998,"Oui"
8286,21,"Bac+2",2,12,7.68996044646727,-0.733160577860811,0.451818777966096,-0.630686297915476,-0.227735510317829,"Non"
8287,22,"Bac+2",0,12,2,-0.838953521001748,-0.131237463054169,-0.611838814119883,-0.542072207088646,"Oui"
8288,26,"Niveau bac",1,12,2,-0.67897394844716,-0.501873716768057,-0.494926306567766,-0.598380317448552,"Non"
8289,23,"Bac+2",3,12,2,-0.671233001388067,0.629079594959694,-0.445478030184871,-0.18308914551361,"Oui"
8290,32,"Niveau bac",6,12,13,-0.795088154333554,-0.0330847792643257,-0.458296152829164,-0.559257303199738,"Non"
8291,40,"Bac+4",15,12,20,2.61350886735371,2.50863024126372,11.9681347981545,2.27602727777599,"Oui"
8292,35.1141718931209,"Bac+2",2,12,6,-0.851855099433569,-0.999961962865771,-0.67315567911673,-0.750867527044257,"Non"
8293,32,"Bac+2",1,12,1,-0.697036158251711,-0.714293704074435,-0.637599723129072,-0.607060615934594,"Non"
8294,36,"Niveau bac",20,12,1,0.998231247689644,1.64283567231151,0.722354657822629,3.11034585444925,"Non"
8295,49,"Niveau bac",28,12,13,2.88186169873559,0.985066194376591,2.78221092720499,4.13582551575068,"Non"
8296,25,"Niveau bac",3,12,0,-0.738321209233539,0.384430368199935,-0.258972802517685,-0.473702712393749,"Oui"
8297,35.1141718931209,"Niveau bac",7,12,17,0.262841277075815,0.895703303164941,0.60780219853506,0.844733097210844,"Non"
8298,39,"Niveau bac",17,12,4,-0.196454915097033,-0.711363773215037,-0.232530359095075,-0.555233385711376,"Non"
8299,35.1141718931209,"Niveau bac",15,12,19,-0.173232073919755,-1.07760513063983,-0.497454595655729,-0.651900529265267,"Non"
8300,38,"Bac+3",8,12,13,0.149307386875785,0.744811863905928,0.131459575107984,0.793489511675472,"Non"
8301,37,"Bac+4",0,12,9,0.889857988862343,0.615894906092402,1.81651197362024,0.773691467540723,"Oui"
8302,18,"Niveau bac",1,12,0,-0.787347207274462,-0.394931240400018,-0.425756848513917,-0.682466837076998,"Oui"
8303,23,"Bac+4",0,12,2,1.79296847908985,-0.629325709151884,-0.619446769511651,0.973008733726446,"Non"
8304,31,"Bac+4",1,12,12,-0.537056585697123,0.523602084021355,0.235260720798248,-0.432047811883479,"Oui"
8305,49,"Niveau bac",28,12,28,0.76858315160322,-0.923783760521415,-0.218576984683962,-0.298565546320536,"Non"
8306,19,"Bac+2",0,12,0,-0.838953521001748,-0.600026400557901,-0.746083760082121,-0.593353932801637,"Non"
8307,32,"Bac+2",12,12,6,0.322188537862194,-0.365631931806035,-0.619190331344309,0.329111754430329,"Non"
8308,37,"Bac+3",4,12,6,0.549256318262253,1.1359576336356,2.21353732437134,0.672116636379317,"Oui"
8309,30,"Bac+3",1,12,4,-0.580921952365316,-0.394931240400018,-0.233054431780928,-0.632825027923513,"Oui"
8310,45,"Niveau bac",8,12,10,-0.348693540592528,0.7946206885157,0.544872046256192,-0.185436301334422,"Non"
8311,34,"Bac+2",0,12,3,-0.54737784844258,0.431309261950308,-0.258679367711692,-0.202983974009593,"Oui"
8312,43,"Niveau bac",25,12,7,1.63556922222163,2.1936626738784,2.32383558746936,4.60853773994017,"Oui"
8313,33,"Niveau bac",9,12,11,-0.340952593533435,0.633474491248792,0.151291355518025,-0.0426528359957048,"Non"
8314,27,"Niveau bac",1,12,1,-0.725419630801718,-0.906204175365025,-0.459542012027891,-0.79410759018814,"Non"
8315,33,"Bac+2",13,12,2,0.378955482962209,-1.45703117693191,-0.638682239908022,-0.802661411119331,"Non"
8316,35.1141718931209,"Bac+2",19,12,5,-0.165491126860662,-0.224995250554916,-0.363626470375661,-0.108543108067305,"Non"
8317,24,"Bac+2",4,12,5,-0.593823530797138,-1.35741352771237,-0.727490732491084,-0.778684674797411,"Non"
8318,21,"Niveau bac",4,12,7.68996044646727,-0.11646512881974,-0.629325709151884,-0.319078570899913,-0.397056728469571,"Non"
8319,41,"Niveau bac",4,12,22,-0.743481840606268,-1.25340098220373,-0.731335940228585,-0.762079292724407,"Non"
8320,41,"Bac+4",14,12,7.68996044646727,-0.191294283724305,0.832709789687878,1.35639167212327,-0.381570781310588,"Oui"
8321,32,"Niveau bac",14,12,9,0.0538357064803051,-0.881299763060139,-0.438681332147921,-0.440665987422021,"Non"
8322,26,"Bac+2",3,12,1,-0.735740893547175,2.11162460981524,-0.0729857277264543,0.016911629613748,"Oui"
8323,42,"Bac+4",12,12,5,-0.864756677865391,0.542646634607444,-0.459241588195236,-0.481253922269767,"Non"
8324,30,"Niveau bac",3,12,4,-0.575761320992588,-0.784612044699995,-0.365575487375648,-0.727751921106721,"Non"
8325,28,"Bac+2",2,12,4,-0.598984162169866,-1.05270071833494,-0.660230530482054,-0.685623671405041,"Non"
8326,53,"Bac+5 et plus",16,12,13,0.0641569692257623,-0.966267757982691,-0.334849952832368,-0.57092272190597,"Non"
8327,37,"Bac+4",11,12,5,0.711816206503205,-1.08053506149923,-0.295031520744849,-0.484103135919789,"Non"
8328,35.1141718931209,"Bac+2",5,12,1,-0.609305424915324,-0.507733578486854,-0.372657053445237,-0.622358273104983,"Non"
8329,21,"Niveau bac",1,12,1,-0.658331422956246,0.850289374844268,-0.237776805828664,-0.197130047478638,"Oui"
8330,34,"Bac+3",8,12,4,0.889857988862343,0.0445583885097296,0.0580985091630611,0.977840125831712,"Non"
8331,32,"Niveau bac",8,12,0,-0.374496697456171,-1.34715876970447,-0.690048978031303,-0.7637381329516,"Non"
8332,33,"Niveau bac",6,12,3,-0.622207003347145,-0.378816620673328,-0.5238386233331,-0.489468248159513,"Non"
8333,55,"Niveau bac",20,12,36,-0.0545375523469962,-0.538497852510536,-0.369456170508434,-0.256394945571747,"Non"
8334,24,"Bac+3",2,12,3,-0.593823530797138,0.737487036757432,-0.170391961831077,-0.18170171703092,"Oui"
8335,35.1141718931209,"Bac+2",44,12,13,3.57338630268123,-0.219135388836119,1.30139158765281,2.2939877772294,"Non"
8336,35.1141718931209,"Bac+3",1,12,3,0.14672707118942,1.47143471703671,-0.224676483847236,1.6750254161823,"Oui"
8337,46,"Niveau bac",26,12,3,0.88211704180325,-0.279198971453785,-0.166103763679109,0.638335814415726,"Non"
8338,33,"Niveau bac",13,12,1,-0.436424273928915,-1.24314622419583,-0.637884256488171,-0.746485170650746,"Non"
8339,35.1141718931209,"Niveau bac",26,12,10,1.88844015948533,-0.610281158565795,0.136787890813098,0.633489315689937,"Non"
8340,31,"Bac+2",9,12,12,0.667950839835012,-0.63665053630038,0.170417035607498,-0.199591891429528,"Non"
8341,26,"Niveau bac",1,12,5,-0.771865313156275,2.50863024126372,-0.0300110894465745,0.0304546038349897,"Oui"
8342,24,"Bac+4",0,12,2,-0.193874599410669,-0.336332623212052,-0.404669807621149,-0.188804492026681,"Oui"
8343,29,"Bac+2",1,12,5,-0.245480913137955,-0.0579891915692114,0.549782185199336,-0.598519821434203,"Oui"
8344,35.1141718931209,"Bac+2",9,12,4,0.492489373162238,-0.20009083825003,0.0502620543249631,0.26974498762877,"Non"
8345,30,"Niveau bac",7,12,7,-0.219677756274312,0.103157005697696,0.0255047834530132,-0.156926089399212,"Non"
8346,30,"Niveau bac",1,12,1,-0.668652685701703,0.139781141440175,-0.559784647851742,-0.303472325107298,"Oui"
8347,37,"Niveau bac",5,12,5,-0.253221860197048,-0.765567494113906,-0.467754222670107,-0.487192702365066,"Non"
8348,36,"Bac+3",5,12,3,-0.240320281765227,1.41723099613784,0.925380770989265,0.185055768370681,"Oui"
8349,43,"Bac+2",4,12,9,-0.653170791583517,-0.624930812862786,-0.604168722456245,-0.565773989789627,"Non"
8350,29,"Bac+4",3,12,2,1.38011796927156,-0.131237463054169,1.35101541552009,0.445503923420435,"Oui"
8351,35.1141718931209,"Niveau bac",0,12,3,-0.503512481774387,0.908887992032234,0.596679944955493,-0.402593214009365,"Oui"
8352,24,"Bac+4",0,12,2,0.399598008453123,-0.922318795091716,-0.397411303562504,-0.351559141951681,"Non"
8353,35.1141718931209,"Niveau bac",2,12,6,-0.784766891588097,2.39143300688778,-0.192662456173307,0.0532559218844779,"Oui"
8354,34,"Bac+2",1,12,1,-0.426103011183457,-0.183976218523339,-0.365388348363223,-0.318457062669774,"Oui"
8355,25,"Bac+2",2,12,7.68996044646727,-0.60672510922896,-0.116587808757178,-0.140745384357272,-0.586722570704181,"Non"
8356,48,"Niveau bac",9,12,0,0.046094759421212,-1.06002554548344,-0.497078918086984,-0.56521022303126,"Non"
8357,55,"Niveau bac",8,12,24,-0.598984162169866,2.02812158032239,0.461476511359106,0.00604522339340397,"Non"
8358,35.1141718931209,"Niveau bac",0,12,6,-0.715098368056261,-1.04244596032705,-0.599875825835482,-0.756878010572499,"Non"
8359,24,"Bac+2",0,12,5,-0.539636901383487,-0.352447242938743,-0.350664816246621,-0.511994269255778,"Oui"
8360,34,"Bac+2",15,12,8,-0.229999019019769,1.87430021020398,-0.310811560725259,1.23554374318622,"Non"
8361,35.1141718931209,"Niveau bac",17,12,9,0.133825492757599,1.95633827426713,2.81138596704597,0.334148918701181,"Oui"
8362,21,"Niveau bac",3,12,0,-0.769284997469911,1.08614880902583,0.350608060169202,-0.641986754007662,"Oui"
8363,64,"Bac+5 et plus",34,12,17,1.74136216536257,0.586595597498419,1.44634260978107,2.17142421042315,"Non"
8364,36,"Bac+2",11,12,4,0.0641569692257623,-0.0755687767256015,-0.0953122777135005,0.0727454870104945,"Non"
8365,65,"Niveau bac",10,12,7.68996044646727,-0.426103011183457,-0.116587808757178,-0.153998456558243,-0.404076863889323,"Non"
8366,35,"Niveau bac",5,12,1,-0.617046371974417,-0.545822679659032,-0.533575650089605,-0.550515136740907,"Non"
8367,35.1141718931209,"Bac+4",20,12,16,2.46385055754457,-1.06881533806163,0.335692390669117,-0.252267445238013,"Non"
8368,35.1141718931209,"Niveau bac",13,12,3,-0.271284070001599,-0.893019486497733,-0.601588241681614,-0.502584955153376,"Non"
8369,32,"Bac+3",1,12,4,-0.580921952365316,-1.08346499235862,-0.644534245814944,-0.702321541136718,"Non"
8370,29,"Bac+4",3,12,6,-0.366755750397078,0.678888419569466,0.278695013627064,-0.127727019102432,"Oui"
8371,32,"Bac+3",7,12,5,-0.382237644515264,-0.708433842355638,-0.562059767272394,-0.468283313261021,"Non"
8372,21,"Bac+3",0,12,1,-0.761544050410818,1.46557485531791,-0.179925659199339,-0.195893293903358,"Oui"
8373,22,"Niveau bac",0,12,2,-0.79250783864719,-1.3032098068135,-0.693567483543612,-0.809559057697539,"Non"
8374,39,"Bac+3",9,12,9,0.631826420225911,-0.421300618134603,0.803283918204152,-0.318715117273703,"Non"
8375,30,"Niveau bac",5,12,11,-0.560279426874402,0.129526383432281,-0.468242098456679,-0.237854578085623,"Non"
8376,20,"Bac+2",0,12,1,-0.872497624924484,-0.82709604216127,-0.613558579744676,-0.749508840017894,"Non"
8377,42,"Niveau bac",1,12,7.68996044646727,-0.263543122942506,2.11015964438555,1.33752794144853,0.356725086507018,"Oui"
8378,32,"Bac+3",4,12,3,-0.297087226865242,-0.966267757982691,-0.539765345945229,-0.596809218816098,"Non"
8379,26,"Niveau bac",5,12,2,-0.629947950406238,0.498697671716469,0.351392665340255,-0.639531721163419,"Oui"
8380,32,"Niveau bac",3,12,9,-0.771865313156275,0.221819205503328,-0.36249337877442,-0.509410552441854,"Non"
8381,37,"Niveau bac",12,12,7.68996044646727,1.49881249084432,-0.137097324772966,0.478021380346816,1.05560050576373,"Non"
8382,38,"Niveau bac",22,12,13,0.162208965307606,-0.0330847792643257,0.265013407170008,0.00123665278705772,"Non"
8383,33,"Niveau bac",6,12,4,-0.485450271969837,1.92996889653255,0.614491262084281,0.139521046427006,"Oui"
8384,24,"Bac+3",2,12,4,-0.356434487651621,0.655448972694279,1.00739363040573,-0.549508968662285,"Oui"
8385,44,"Bac+4",12,12,23,-0.0648588150924534,-1.3032098068135,-0.637696474207123,-0.713866594107666,"Non"
8386,19,"Bac+2",0,12,0,-0.297087226865242,-1.1274139552496,-0.654830020913219,-0.6327240478398,"Non"
8387,38,"Niveau bac",19,12,8,-0.315149436669792,-0.646905294308274,-0.357075683501963,-0.51039126091687,"Non"
8388,54,"Niveau bac",5,12,2,-0.0751800778379106,-0.153211944499657,0.329329768560512,-0.373686200835203,"Oui"
8389,30,"Bac+2",10,12,3,-0.24806122882432,0.640799318397288,0.600412932743119,-0.162098710878859,"Oui"
8390,40,"Bac+4",15,12,9,-0.258382491569777,-0.162001737077852,-0.662408442451646,0.0235419945328773,"Non"
8391,53,"Niveau bac",9,12,13,-0.193874599410669,0.381500437340537,0.266940883363938,-0.0717201045627197,"Non"
8392,35.1141718931209,"Bac+4",4,12,7.68996044646727,-0.632528266092603,2.49105065610733,0.645274977666679,0.0102121059597854,"Oui"
8393,35.1141718931209,"Niveau bac",11,12,1,-0.402880170006179,-0.614676054854892,-0.392399458634346,-0.525505162104424,"Non"
8394,48,"Niveau bac",14,12,26,-0.00551155430607425,0.117806659994688,0.20132509327619,-0.00798513625088444,"Non"
8395,34,"Bac+2",15,12,11,-0.206776177842491,-0.0653140187177073,0.0987575412167158,-0.302662124028134,"Non"
8396,46,"Niveau bac",9,12,23,-0.495771534715294,1.28684907289462,-0.1396710388284,0.228734067406365,"Non"
8397,33,"Niveau bac",11,12,5,-0.658331422956246,0.673028557850669,0.134484876135531,-0.48360572317443,"Non"
8398,36,"Bac+2",16,12,7,0.262841277075815,-0.0594541569989108,-0.159386474545842,0.324147694691081,"Non"
8399,18,"Bac+2",0,12,0,-0.503512481774387,2.22735687876148,0.290678364840515,0.434035110412691,"Oui"
8400,45,"Bac+2",18,12,11,0.270582224134907,-0.263084351727094,0.443899735186014,-0.225497120145184,"Non"
8401,50,"Niveau bac",6,12,27,-0.549958164128945,-0.541427783369934,-0.321269161346355,-0.626018970281233,"Non"
8402,23,"Niveau bac",5,12,4,-0.640269213151696,1.47436464789611,-0.142269252954265,0.031433585550574,"Oui"
8403,35.1141718931209,"Bac+3",0,12,1,-0.635108581778967,0.58366566663902,-0.296076536701632,-0.235590059316318,"Oui"
8404,31,"Bac+3",6,12,5,0.497650004534967,0.484048017419478,1.3235965250988,0.33419458694404,"Oui"
8405,33,"Bac+2",1,12,9,-0.485450271969837,4.02486946100235,0.410455482310268,1.33021135233298,"Oui"
8406,43,"Bac+4",20,12,7.68996044646727,3.07538537521292,-1.17282788357027,-0.429823757913109,0.0952027356207463,"Non"
8407,41,"Niveau bac",14,12,19,0.0589963378530336,-0.567797161104519,-0.331848948234574,-0.225910270059689,"Non"
8408,40,"Bac+3",3,12,3,-0.617046371974417,-1.08639492321802,-0.654173678289933,-0.709627975289815,"Non"
8409,40,"Bac+4",7,12,11,-0.400299854319814,0.249653548667612,-0.466449673902336,0.0106665163364955,"Non"
8410,44,"Niveau bac",6,12,15,-0.560279426874402,-1.52588455212777,-0.730533280071987,-0.85002959309996,"Non"
8411,32,"Bac+4",4,12,12,-0.294506911178877,-1.49365531267439,-0.697633897452107,-0.841252717261855,"Non"
8412,45,"Bac+3",19,12,7,6.1278988321819,-0.834420869309766,1.22281024036019,1.60651435750804,"Non"
8413,28,"Niveau bac",7,12,5,-0.426103011183457,-0.219135388836119,-0.336714562557613,-0.354499681989414,"Non"
8414,31,"Niveau bac",0,12,10,-0.0803407092106393,0.239398790659718,-0.343575752620444,0.31944288112075,"Non"
8415,36,"Niveau bac",3,12,5,-0.52931563863803,-1.21970677732065,-0.630647467091967,-0.759463646008013,"Non"
8416,36,"Bac+2",11,12,7,0.0486750751075764,-0.435950272431595,0.395747114816816,-0.540891467165803,"Non"
8417,37,"Niveau bac",11,12,5,-0.374496697456171,0.425449400231511,0.546837492684527,-0.443572194231291,"Non"
8418,24,"Niveau bac",2,12,2,-0.503512481774387,1.89041482993067,-0.545182276249594,0.75113933299481,"Oui"
8419,34,"Niveau bac",15,12,4,-0.191294283724305,-0.622000882003388,-0.55388917784866,-0.302339833468453,"Non"
8420,37,"Bac+2",17,12,7.68996044646727,0.722137469248662,0.355131059605951,1.42065428581246,0.415355915507478,"Non"
8421,31,"Bac+2",3,12,0,-0.255802175883413,1.4948741639119,0.493812860077335,0.456512873126949,"Oui"
8422,25,"Bac+3",3,12,0,-0.467388062165286,1.07296412015854,0.697805058402129,-0.315645211650725,"Oui"
8423,38,"Bac+2",2,12,13,-0.044216289601539,0.563156150623232,0.441498535115222,0.1681344953508,"Oui"
8424,35,"Niveau bac",18,12,4,0.37379485158948,-1.33250911540748,-0.563451105147377,-0.711549101186445,"Non"
8425,48,"Bac+2",27,12,1,2.55416160656733,-0.296778556610175,2.00945474680499,0.767970188447734,"Non"
8426,37,"Bac+2",10,12,7.68996044646727,-0.211936809215219,0.385895333629634,0.137461432179235,-0.0169662316857895,"Non"
8427,51,"Niveau bac",34,12,25,4.21846522427231,-1.14792347126539,-0.188773906039116,0.347015422292623,"Non"
8428,50,"Niveau bac",1,12,31,-0.699616473938075,-1.06588540720223,-0.434445356107488,-0.85618537939516,"Non"
8429,29,"Niveau bac",13,12,1,-0.408040801378907,0.423984434801812,-0.00962235141552491,-0.165825277363715,"Non"
8430,32,"Niveau bac",13,12,2,-0.622207003347145,-0.888624590208635,-0.682645721146809,-0.611589683767231,"Non"
8431,33,"Bac+4",4,12,7.68996044646727,1.67943458888982,1.44946023559122,0.167511373851039,4.51429100315982,"Oui"
8432,51,"Bac+3",21,12,31,2.12066857125812,-0.72308349665263,-0.328629823416613,0.798117045187737,"Non"
8433,27,"Niveau bac",9,12,0,-0.640269213151696,-0.367096897235734,-0.275016061064437,-0.643535682462737,"Non"
8434,23,"Niveau bac",1,12,7.68996044646727,-0.836373205315383,-1.45410124607251,-0.731242088205748,-0.837265511082927,"Non"
8435,26,"Bac+2",6,12,6,-0.49319121902893,-1.25193601677403,-0.681249193658744,-0.73802509458027,"Non"
8436,33,"Bac+3",3,12,9,-0.542217217069852,-1.09371975036652,-0.674493503996521,-0.677283844942754,"Non"
8437,41,"Bac+2",13,12,19,-0.715098368056261,0.334621543590163,-0.0515982977723083,-0.581740496117998,"Non"
8438,42,"Bac+5 et plus",2,12,9,2.5412600281355,1.02608522640817,1.44647039422378,4.43507101670577,"Oui"
8439,54,"Bac+2",2,12,21,-0.426103011183457,-0.585376746260909,-0.671979214693931,-0.361729855983291,"Non"
8440,27,"Bac+2",6,12,6,-0.291926595492513,-1.17868774528907,-0.590212557650159,-0.701609783016665,"Non"
8441,59,"Niveau bac",33,12,17,6.69556828318205,-0.585376746260909,2.46353111363921,2.48539754550974,"Non"
8442,48,"Bac+4",14,12,18,-0.653170791583517,-0.0711738804365039,-0.395357086064173,-0.465668211837079,"Non"
8443,44,"Bac+3",3,12,7.68996044646727,-0.691875526878982,-0.151746979069958,-0.663639219609006,-0.378636002186631,"Non"
8444,31,"Bac+4",8,12,12,1.45752743986249,0.486977948278876,1.81187913561059,1.37065012697457,"Oui"
8445,48,"Bac+2",18,12,29,1.33109197123064,1.85672062504759,3.82801187164343,2.38897204224717,"Oui"
8446,42,"Bac+2",19,12,5,0.701494943757748,-1.21677684646125,-0.316532426761248,-0.652694889093798,"Non"
8447,61,"Niveau bac",0,12,24,-0.60672510922896,3.26748233384788,0.740641289614198,0.359246231012068,"Oui"
8448,27,"Bac+3",5,12,2,-0.439004589615279,0.188125000620247,-0.603122698132431,0.00969468401083822,"Non"
8449,36,"Bac+4",4,12,8,1.35431481240792,-0.585376746260909,0.161374851970657,0.321314829716611,"Non"
8450,57,"Niveau bac",10,12,1,0.177690859425792,-1.39843255974394,-0.625897319486786,-0.76891257964626,"Non"
8451,23,"Bac+2",2,12,2,-0.356434487651621,-0.931108587669911,-0.590366159765987,-0.570201017247671,"Non"
8452,29,"Niveau bac",2,12,7,-0.751222787665361,-0.849070523606758,-0.667718950916565,-0.66547840220344,"Non"
8453,35,"Bac+2",13,12,10,1.21497776534425,1.88455496821187,3.82427075172341,2.17151077055091,"Oui"
8454,45,"Niveau bac",2,12,7.68996044646727,-0.477709324910744,0.538251738318346,0.088226082057016,-0.256216271411624,"Oui"
8455,35,"Bac+5 et plus",2,12,9,0.97758872219873,1.33079803578559,3.05566467969547,1.24626310220866,"Oui"
8456,35,"Niveau bac",1,12,11,-0.498351850401658,-0.0374796755534234,-0.114113437475407,-0.457415917435856,"Non"
8457,38,"Niveau bac",3,12,18,-0.15258954842884,0.23646885980032,0.216676125241866,-0.0952720378684744,"Non"
8458,21,"Niveau bac",4,12,0,-0.684134579819889,0.957231851212306,-0.41300804675659,-0.0964621941841242,"Oui"
8459,75,"Niveau bac",32,12,23,0.760842204544127,-0.922318795091716,-0.447631458829096,-0.166880706051674,"Non"
8460,42,"Niveau bac",26,12,3,0.513131898653153,-1.4687509003695,-0.696269576859297,-0.773181780282464,"Non"
8461,35.1141718931209,"Niveau bac",19,12,21,0.549256318262253,0.577805804920224,-0.525386988294688,1.59159051093604,"Non"
8462,32,"Niveau bac",1,12,3,-0.712518052369896,-0.958942930834195,-0.546904236811243,-0.756667053079614,"Non"
8463,30,"Bac+3",8,12,0,0.78664536140777,-0.646905294308274,-0.339912303040263,0.156600206856776,"Non"
8464,25,"Bac+4",2,12,3,-0.720258999428989,0.16615051917476,-0.168072104816248,-0.580448693250082,"Oui"
8465,38,"Niveau bac",5,12,7.68996044646727,-0.43384395824255,-0.800726664426685,-0.593973840564386,-0.529750826807616,"Non"
8466,33,"Niveau bac",1,12,12,-0.764124366097183,-0.529708059932341,-0.502024758438713,-0.663888177943131,"Non"
8467,21,"Bac+2",0,12,7.68996044646727,-0.88797951904267,0.601245251795411,-0.517987486708101,-0.465612208282652,"Oui"
8468,43,"Bac+2",6,12,7.68996044646727,-0.415781748438,0.264303202964604,-0.244016076832367,-0.129131321357111,"Non"
8469,41,"Bac+2",17,12,4,0.0977010731484983,1.8391410398912,0.182721373517497,1.67031710870107,"Non"
8470,29,"Niveau bac",7,12,9,-0.52931563863803,-0.334867657782353,-0.428131031302536,-0.450146401601365,"Non"
8471,32,"Niveau bac",8,12,8,-0.0803407092106393,-0.390536344110921,-0.692001950264041,0.0289841268069516,"Non"
8472,20,"Bac+3",0,12,7.68996044646727,-0.916362991592677,-1.56690358415935,-0.747460702648455,-0.859141591541885,"Non"
8473,35,"Bac+5 et plus",6,12,16,-0.139687969997018,-1.15671326384358,-0.558107281452752,-0.664465824414005,"Non"
8474,36,"Bac+2",6,12,6,-0.562859742560766,0.920607715469827,-0.140542285328738,-0.0671313877946342,"Non"
8475,34,"Niveau bac",10,12,9,0.193172753543978,-0.274804075164687,-0.339572761521065,0.15084908814905,"Non"
8476,43,"Niveau bac",12,12,16,-0.209356493528855,-1.13766871325749,-0.721736042695463,-0.575252747895599,"Non"
8477,41,"Bac+3",8,12,17,-0.00551155430607425,-0.529708059932341,-0.255490233120081,-0.281601361814082,"Non"
8478,41,"Bac+2",5,12,2,-0.516414060206208,-1.1288789206793,-0.591901398570535,-0.734368832954198,"Non"
8479,36,"Bac+2",17,12,15,0.760842204544127,-0.63518557087068,0.528990091663107,-0.348180752270967,"Non"
8480,25,"Niveau bac",1,12,3,-0.800248785706283,0.75799655277322,-0.555530751564462,-0.269501905463029,"Oui"
8481,34,"Bac+2",14,12,7.68996044646727,-0.201615546469762,1.63990574145211,0.894401406124413,0.436361307817128,"Oui"
8482,43,"Bac+2",22,12,2,1.44462586143067,-0.737733150949622,-0.19217418920987,0.311501534691305,"Non"
8483,35,"Niveau bac",16,12,10,-0.260962807256141,-0.208880630828225,0.12515036168074,-0.46733369655378,"Non"
8484,29,"Niveau bac",8,12,6,-0.36159511902435,-0.472574408174074,-0.290445641344693,-0.473985173883912,"Non"
8485,35,"Bac+2",1,12,8,-0.787347207274462,0.0445583885097296,-0.620954104366464,-0.432768335074799,"Non"
8486,35.1141718931209,"Bac+4",4,12,7.68996044646727,-0.570600689619859,-0.890089555638334,-0.605387768654051,-0.63375259058047,"Non"
8487,34,"Niveau bac",2,12,0,-0.454486483733465,1.05245460414275,0.160252070053025,0.00840361324852943,"Oui"
8488,49,"Bac+3",22,12,24,1.45752743986249,-0.358307104657539,0.00931984064560012,0.888151508854079,"Non"
8489,35.1141718931209,"Bac+2",20,12,23,2.52061750264459,0.554366358045037,0.945568348490469,3.50181564792106,"Non"
8490,22,"Bac+2",0,12,1,-0.506092797460751,0.0826474896819078,-0.477313637744066,-0.194541357395592,"Oui"
8491,26,"Bac+2",5,12,0,-0.766704681783547,-0.824166111301872,-0.684075498668435,-0.655331842607855,"Non"
8492,33,"Niveau bac",17,12,4,-0.309988805297063,0.799015584804797,0.0826596352618622,0.146834877371234,"Non"
8493,46,"Bac+3",18,12,25,2.0716425732172,2.32697452798102,0.249495994644232,7.204444339424,"Non"
8494,23,"Niveau bac",7,12,2,-0.689295211192617,-0.365631931806035,-0.526025910508233,-0.536476395749671,"Non"
8495,38,"Niveau bac",20,12,13,0.48732874178951,-1.02193644431126,-0.487006487593234,-0.377456474024792,"Non"
8496,25,"Niveau bac",9,12,1,-0.542217217069852,1.07882398187734,-0.220751484722006,0.088726645549012,"Non"
8497,28,"Bac+2",1,12,4,-0.838953521001748,-0.434485307001896,-0.676502262396679,-0.588125587987294,"Non"
8498,50,"Niveau bac",13,12,24,-0.516414060206208,-0.586841711690608,-0.385315223869252,-0.588150441710398,"Non"
8499,25,"Bac+2",5,12,0,0.154468018248513,-0.831490938450368,-0.548875290107983,-0.283806378069059,"Non"
8500,37,"Bac+2",4,12,5,-0.508673113147115,-1.15524829841388,-0.64756477122685,-0.712860711297781,"Non"
